Estudiante;Facultad
Estudiante 1;Facultad 1
Estudiante 2;Facultad 2
Estudiante 3;Facultad 3
Estudiante 4;Facultad 4
Estudiante 5;Facultad 5
Estudiante 6;Facultad 6
Estudiante 7;Facultad 7
Estudiante 8;Facultad 8
Estudiante 9;Facultad 9
Estudiante 10;Facultad 10
Estudiante 11;Facultad 11
Estudiante 12;Facultad 12
Estudiante 13;Facultad 13
Estudiante 14;Facultad 14
Estudiante 15;Facultad 15
Estudiante 16;Facultad 1
Estudiante 17;Facultad 2
Estudiante 18;Facultad 3
Estudiante 19;Facultad 4
Estudiante 20;Facultad 5
Estudiante 21;Facultad 6
Estudiante 22;Facultad 7
Estudiante 23;Facultad 8
Estudiante 24;Facultad 9
Estudiante 25;Facultad 10
Estudiante 26;Facultad 11
Estudiante 27;Facultad 12
Estudiante 28;Facultad 13
Estudiante 29;Facultad 14
Estudiante 30;Facultad 15
Estudiante 31;Facultad 1
Estudiante 32;Facultad 2
Estudiante 33;Facultad 3
Estudiante 34;Facultad 4
Estudiante 35;Facultad 5
Estudiante 36;Facultad 6
Estudiante 37;Facultad 7
Estudiante 38;Facultad 8
Estudiante 39;Facultad 9
Estudiante 40;Facultad 10
Estudiante 41;Facultad 11
Estudiante 42;Facultad 12
Estudiante 43;Facultad 13
Estudiante 44;Facultad 14
Estudiante 45;Facultad 15
Estudiante 46;Facultad 1
Estudiante 47;Facultad 2
Estudiante 48;Facultad 3
Estudiante 49;Facultad 4
Estudiante 50;Facultad 5
Estudiante 51;Facultad 6
Estudiante 52;Facultad 7
Estudiante 53;Facultad 8
Estudiante 54;Facultad 9
Estudiante 55;Facultad 10
Estudiante 56;Facultad 11
Estudiante 57;Facultad 12
Estudiante 58;Facultad 13
Estudiante 59;Facultad 14
Estudiante 60;Facultad 15
Estudiante 61;Facultad 1
Estudiante 62;Facultad 2
Estudiante 63;Facultad 3
Estudiante 64;Facultad 4
Estudiante 65;Facultad 5
Estudiante 66;Facultad 6
Estudiante 67;Facultad 7
Estudiante 68;Facultad 8
Estudiante 69;Facultad 9
Estudiante 70;Facultad 10
Estudiante 71;Facultad 11
Estudiante 72;Facultad 12
Estudiante 73;Facultad 13
Estudiante 74;Facultad 14
Estudiante 75;Facultad 15
Estudiante 76;Facultad 1
Estudiante 77;Facultad 2
Estudiante 78;Facultad 3
Estudiante 79;Facultad 4
Estudiante 80;Facultad 5
Estudiante 81;Facultad 6
Estudiante 82;Facultad 7
Estudiante 83;Facultad 8
Estudiante 84;Facultad 9
Estudiante 85;Facultad 10
Estudiante 86;Facultad 11
Estudiante 87;Facultad 12
Estudiante 88;Facultad 13
Estudiante 89;Facultad 14
Estudiante 90;Facultad 15
Estudiante 91;Facultad 1
Estudiante 92;Facultad 2
Estudiante 93;Facultad 3
Estudiante 94;Facultad 4
Estudiante 95;Facultad 5
Estudiante 96;Facultad 6
Estudiante 97;Facultad 7
Estudiante 98;Facultad 8
Estudiante 99;Facultad 9
Estudiante 100;Facultad 10
Estudiante 101;Facultad 11
Estudiante 102;Facultad 12
Estudiante 103;Facultad 13
Estudiante 104;Facultad 14
Estudiante 105;Facultad 15
Estudiante 106;Facultad 1
Estudiante 107;Facultad 2
Estudiante 108;Facultad 3
Estudiante 109;Facultad 4
Estudiante 110;Facultad 5
Estudiante 111;Facultad 6
Estudiante 112;Facultad 7
Estudiante 113;Facultad 8
Estudiante 114;Facultad 9
Estudiante 115;Facultad 10
Estudiante 116;Facultad 11
Estudiante 117;Facultad 12
Estudiante 118;Facultad 13
Estudiante 119;Facultad 14
Estudiante 120;Facultad 15
Estudiante 121;Facultad 1
Estudiante 122;Facultad 2
Estudiante 123;Facultad 3
Estudiante 124;Facultad 4
Estudiante 125;Facultad 5
Estudiante 126;Facultad 6
Estudiante 127;Facultad 7
Estudiante 128;Facultad 8
Estudiante 129;Facultad 9
Estudiante 130;Facultad 10
Estudiante 131;Facultad 11
Estudiante 132;Facultad 12
Estudiante 133;Facultad 13
Estudiante 134;Facultad 14
Estudiante 135;Facultad 15
Estudiante 136;Facultad 1
Estudiante 137;Facultad 2
Estudiante 138;Facultad 3
Estudiante 139;Facultad 4
Estudiante 140;Facultad 5
Estudiante 141;Facultad 6
Estudiante 142;Facultad 7
Estudiante 143;Facultad 8
Estudiante 144;Facultad 9
Estudiante 145;Facultad 10
Estudiante 146;Facultad 11
Estudiante 147;Facultad 12
Estudiante 148;Facultad 13
Estudiante 149;Facultad 14
Estudiante 150;Facultad 15
Estudiante 151;Facultad 1
Estudiante 152;Facultad 2
Estudiante 153;Facultad 3
Estudiante 154;Facultad 4
Estudiante 155;Facultad 5
Estudiante 156;Facultad 6
Estudiante 157;Facultad 7
Estudiante 158;Facultad 8
Estudiante 159;Facultad 9
Estudiante 160;Facultad 10
Estudiante 161;Facultad 11
Estudiante 162;Facultad 12
Estudiante 163;Facultad 13
Estudiante 164;Facultad 14
Estudiante 165;Facultad 15
Estudiante 166;Facultad 1
Estudiante 167;Facultad 2
Estudiante 168;Facultad 3
Estudiante 169;Facultad 4
Estudiante 170;Facultad 5
Estudiante 171;Facultad 6
Estudiante 172;Facultad 7
Estudiante 173;Facultad 8
Estudiante 174;Facultad 9
Estudiante 175;Facultad 10
Estudiante 176;Facultad 11
Estudiante 177;Facultad 12
Estudiante 178;Facultad 13
Estudiante 179;Facultad 14
Estudiante 180;Facultad 15
Estudiante 181;Facultad 1
Estudiante 182;Facultad 2
Estudiante 183;Facultad 3
Estudiante 184;Facultad 4
Estudiante 185;Facultad 5
Estudiante 186;Facultad 6
Estudiante 187;Facultad 7
Estudiante 188;Facultad 8
Estudiante 189;Facultad 9
Estudiante 190;Facultad 10
Estudiante 191;Facultad 11
Estudiante 192;Facultad 12
Estudiante 193;Facultad 13
Estudiante 194;Facultad 14
Estudiante 195;Facultad 15
Estudiante 196;Facultad 1
Estudiante 197;Facultad 2
Estudiante 198;Facultad 3
Estudiante 199;Facultad 4
Estudiante 200;Facultad 5
Estudiante 201;Facultad 6
Estudiante 202;Facultad 7
Estudiante 203;Facultad 8
Estudiante 204;Facultad 9
Estudiante 205;Facultad 10
Estudiante 206;Facultad 11
Estudiante 207;Facultad 12
Estudiante 208;Facultad 13
Estudiante 209;Facultad 14
Estudiante 210;Facultad 15
Estudiante 211;Facultad 1
Estudiante 212;Facultad 2
Estudiante 213;Facultad 3
Estudiante 214;Facultad 4
Estudiante 215;Facultad 5
Estudiante 216;Facultad 6
Estudiante 217;Facultad 7
Estudiante 218;Facultad 8
Estudiante 219;Facultad 9
Estudiante 220;Facultad 10
Estudiante 221;Facultad 11
Estudiante 222;Facultad 12
Estudiante 223;Facultad 13
Estudiante 224;Facultad 14
Estudiante 225;Facultad 15
Estudiante 226;Facultad 1
Estudiante 227;Facultad 2
Estudiante 228;Facultad 3
Estudiante 229;Facultad 4
Estudiante 230;Facultad 5
Estudiante 231;Facultad 6
Estudiante 232;Facultad 7
Estudiante 233;Facultad 8
Estudiante 234;Facultad 9
Estudiante 235;Facultad 10
Estudiante 236;Facultad 11
Estudiante 237;Facultad 12
Estudiante 238;Facultad 13
Estudiante 239;Facultad 14
Estudiante 240;Facultad 15
Estudiante 241;Facultad 1
Estudiante 242;Facultad 2
Estudiante 243;Facultad 3
Estudiante 244;Facultad 4
Estudiante 245;Facultad 5
Estudiante 246;Facultad 6
Estudiante 247;Facultad 7
Estudiante 248;Facultad 8
Estudiante 249;Facultad 9
Estudiante 250;Facultad 10
Estudiante 251;Facultad 11
Estudiante 252;Facultad 12
Estudiante 253;Facultad 13
Estudiante 254;Facultad 14
Estudiante 255;Facultad 15
Estudiante 256;Facultad 1
Estudiante 257;Facultad 2
Estudiante 258;Facultad 3
Estudiante 259;Facultad 4
Estudiante 260;Facultad 5
Estudiante 261;Facultad 6
Estudiante 262;Facultad 7
Estudiante 263;Facultad 8
Estudiante 264;Facultad 9
Estudiante 265;Facultad 10
Estudiante 266;Facultad 11
Estudiante 267;Facultad 12
Estudiante 268;Facultad 13
Estudiante 269;Facultad 14
Estudiante 270;Facultad 15
Estudiante 271;Facultad 1
Estudiante 272;Facultad 2
Estudiante 273;Facultad 3
Estudiante 274;Facultad 4
Estudiante 275;Facultad 5
Estudiante 276;Facultad 6
Estudiante 277;Facultad 7
Estudiante 278;Facultad 8
Estudiante 279;Facultad 9
Estudiante 280;Facultad 10
Estudiante 281;Facultad 11
Estudiante 282;Facultad 12
Estudiante 283;Facultad 13
Estudiante 284;Facultad 14
Estudiante 285;Facultad 15
Estudiante 286;Facultad 1
Estudiante 287;Facultad 2
Estudiante 288;Facultad 3
Estudiante 289;Facultad 4
Estudiante 290;Facultad 5
Estudiante 291;Facultad 6
Estudiante 292;Facultad 7
Estudiante 293;Facultad 8
Estudiante 294;Facultad 9
Estudiante 295;Facultad 10
Estudiante 296;Facultad 11
Estudiante 297;Facultad 12
Estudiante 298;Facultad 13
Estudiante 299;Facultad 14
Estudiante 300;Facultad 15
Estudiante 301;Facultad 1
Estudiante 302;Facultad 2
Estudiante 303;Facultad 3
Estudiante 304;Facultad 4
Estudiante 305;Facultad 5
Estudiante 306;Facultad 6
Estudiante 307;Facultad 7
Estudiante 308;Facultad 8
Estudiante 309;Facultad 9
Estudiante 310;Facultad 10
Estudiante 311;Facultad 11
Estudiante 312;Facultad 12
Estudiante 313;Facultad 13
Estudiante 314;Facultad 14
Estudiante 315;Facultad 15
Estudiante 316;Facultad 1
Estudiante 317;Facultad 2
Estudiante 318;Facultad 3
Estudiante 319;Facultad 4
Estudiante 320;Facultad 5
Estudiante 321;Facultad 6
Estudiante 322;Facultad 7
Estudiante 323;Facultad 8
Estudiante 324;Facultad 9
Estudiante 325;Facultad 10
Estudiante 326;Facultad 11
Estudiante 327;Facultad 12
Estudiante 328;Facultad 13
Estudiante 329;Facultad 14
Estudiante 330;Facultad 15
Estudiante 331;Facultad 1
Estudiante 332;Facultad 2
Estudiante 333;Facultad 3
Estudiante 334;Facultad 4
Estudiante 335;Facultad 5
Estudiante 336;Facultad 6
Estudiante 337;Facultad 7
Estudiante 338;Facultad 8
Estudiante 339;Facultad 9
Estudiante 340;Facultad 10
Estudiante 341;Facultad 11
Estudiante 342;Facultad 12
Estudiante 343;Facultad 13
Estudiante 344;Facultad 14
Estudiante 345;Facultad 15
Estudiante 346;Facultad 1
Estudiante 347;Facultad 2
Estudiante 348;Facultad 3
Estudiante 349;Facultad 4
Estudiante 350;Facultad 5
Estudiante 351;Facultad 6
Estudiante 352;Facultad 7
Estudiante 353;Facultad 8
Estudiante 354;Facultad 9
Estudiante 355;Facultad 10
Estudiante 356;Facultad 11
Estudiante 357;Facultad 12
Estudiante 358;Facultad 13
Estudiante 359;Facultad 14
Estudiante 360;Facultad 15
Estudiante 361;Facultad 1
Estudiante 362;Facultad 2
Estudiante 363;Facultad 3
Estudiante 364;Facultad 4
Estudiante 365;Facultad 5
Estudiante 366;Facultad 6
Estudiante 367;Facultad 7
Estudiante 368;Facultad 8
Estudiante 369;Facultad 9
Estudiante 370;Facultad 10
Estudiante 371;Facultad 11
Estudiante 372;Facultad 12
Estudiante 373;Facultad 13
Estudiante 374;Facultad 14
Estudiante 375;Facultad 15
Estudiante 376;Facultad 1
Estudiante 377;Facultad 2
Estudiante 378;Facultad 3
Estudiante 379;Facultad 4
Estudiante 380;Facultad 5
Estudiante 381;Facultad 6
Estudiante 382;Facultad 7
Estudiante 383;Facultad 8
Estudiante 384;Facultad 9
Estudiante 385;Facultad 10
Estudiante 386;Facultad 11
Estudiante 387;Facultad 12
Estudiante 388;Facultad 13
Estudiante 389;Facultad 14
Estudiante 390;Facultad 15
Estudiante 391;Facultad 1
Estudiante 392;Facultad 2
Estudiante 393;Facultad 3
Estudiante 394;Facultad 4
Estudiante 395;Facultad 5
Estudiante 396;Facultad 6
Estudiante 397;Facultad 7
Estudiante 398;Facultad 8
Estudiante 399;Facultad 9
Estudiante 400;Facultad 10
Estudiante 401;Facultad 11
Estudiante 402;Facultad 12
Estudiante 403;Facultad 13
Estudiante 404;Facultad 14
Estudiante 405;Facultad 15
Estudiante 406;Facultad 1
Estudiante 407;Facultad 2
Estudiante 408;Facultad 3
Estudiante 409;Facultad 4
Estudiante 410;Facultad 5
Estudiante 411;Facultad 6
Estudiante 412;Facultad 7
Estudiante 413;Facultad 8
Estudiante 414;Facultad 9
Estudiante 415;Facultad 10
Estudiante 416;Facultad 11
Estudiante 417;Facultad 12
Estudiante 418;Facultad 13
Estudiante 419;Facultad 14
Estudiante 420;Facultad 15
Estudiante 421;Facultad 1
Estudiante 422;Facultad 2
Estudiante 423;Facultad 3
Estudiante 424;Facultad 4
Estudiante 425;Facultad 5
Estudiante 426;Facultad 6
Estudiante 427;Facultad 7
Estudiante 428;Facultad 8
Estudiante 429;Facultad 9
Estudiante 430;Facultad 10
Estudiante 431;Facultad 11
Estudiante 432;Facultad 12
Estudiante 433;Facultad 13
Estudiante 434;Facultad 14
Estudiante 435;Facultad 15
Estudiante 436;Facultad 1
Estudiante 437;Facultad 2
Estudiante 438;Facultad 3
Estudiante 439;Facultad 4
Estudiante 440;Facultad 5
Estudiante 441;Facultad 6
Estudiante 442;Facultad 7
Estudiante 443;Facultad 8
Estudiante 444;Facultad 9
Estudiante 445;Facultad 10
Estudiante 446;Facultad 11
Estudiante 447;Facultad 12
Estudiante 448;Facultad 13
Estudiante 449;Facultad 14
Estudiante 450;Facultad 15
Estudiante 451;Facultad 1
Estudiante 452;Facultad 2
Estudiante 453;Facultad 3
Estudiante 454;Facultad 4
Estudiante 455;Facultad 5
Estudiante 456;Facultad 6
Estudiante 457;Facultad 7
Estudiante 458;Facultad 8
Estudiante 459;Facultad 9
Estudiante 460;Facultad 10
Estudiante 461;Facultad 11
Estudiante 462;Facultad 12
Estudiante 463;Facultad 13
Estudiante 464;Facultad 14
Estudiante 465;Facultad 15
Estudiante 466;Facultad 1
Estudiante 467;Facultad 2
Estudiante 468;Facultad 3
Estudiante 469;Facultad 4
Estudiante 470;Facultad 5
Estudiante 471;Facultad 6
Estudiante 472;Facultad 7
Estudiante 473;Facultad 8
Estudiante 474;Facultad 9
Estudiante 475;Facultad 10
Estudiante 476;Facultad 11
Estudiante 477;Facultad 12
Estudiante 478;Facultad 13
Estudiante 479;Facultad 14
Estudiante 480;Facultad 15
Estudiante 481;Facultad 1
Estudiante 482;Facultad 2
Estudiante 483;Facultad 3
Estudiante 484;Facultad 4
Estudiante 485;Facultad 5
Estudiante 486;Facultad 6
Estudiante 487;Facultad 7
Estudiante 488;Facultad 8
Estudiante 489;Facultad 9
Estudiante 490;Facultad 10
Estudiante 491;Facultad 11
Estudiante 492;Facultad 12
Estudiante 493;Facultad 13
Estudiante 494;Facultad 14
Estudiante 495;Facultad 15
Estudiante 496;Facultad 1
Estudiante 497;Facultad 2
Estudiante 498;Facultad 3
Estudiante 499;Facultad 4
Estudiante 500;Facultad 5
Estudiante 501;Facultad 6
Estudiante 502;Facultad 7
Estudiante 503;Facultad 8
Estudiante 504;Facultad 9
Estudiante 505;Facultad 10
Estudiante 506;Facultad 11
Estudiante 507;Facultad 12
Estudiante 508;Facultad 13
Estudiante 509;Facultad 14
Estudiante 510;Facultad 15
Estudiante 511;Facultad 1
Estudiante 512;Facultad 2
Estudiante 513;Facultad 3
Estudiante 514;Facultad 4
Estudiante 515;Facultad 5
Estudiante 516;Facultad 6
Estudiante 517;Facultad 7
Estudiante 518;Facultad 8
Estudiante 519;Facultad 9
Estudiante 520;Facultad 10
Estudiante 521;Facultad 11
Estudiante 522;Facultad 12
Estudiante 523;Facultad 13
Estudiante 524;Facultad 14
Estudiante 525;Facultad 15
Estudiante 526;Facultad 1
Estudiante 527;Facultad 2
Estudiante 528;Facultad 3
Estudiante 529;Facultad 4
Estudiante 530;Facultad 5
Estudiante 531;Facultad 6
Estudiante 532;Facultad 7
Estudiante 533;Facultad 8
Estudiante 534;Facultad 9
Estudiante 535;Facultad 10
Estudiante 536;Facultad 11
Estudiante 537;Facultad 12
Estudiante 538;Facultad 13
Estudiante 539;Facultad 14
Estudiante 540;Facultad 15
Estudiante 541;Facultad 1
Estudiante 542;Facultad 2
Estudiante 543;Facultad 3
Estudiante 544;Facultad 4
Estudiante 545;Facultad 5
Estudiante 546;Facultad 6
Estudiante 547;Facultad 7
Estudiante 548;Facultad 8
Estudiante 549;Facultad 9
Estudiante 550;Facultad 10
Estudiante 551;Facultad 11
Estudiante 552;Facultad 12
Estudiante 553;Facultad 13
Estudiante 554;Facultad 14
Estudiante 555;Facultad 15
Estudiante 556;Facultad 1
Estudiante 557;Facultad 2
Estudiante 558;Facultad 3
Estudiante 559;Facultad 4
Estudiante 560;Facultad 5
Estudiante 561;Facultad 6
Estudiante 562;Facultad 7
Estudiante 563;Facultad 8
Estudiante 564;Facultad 9
Estudiante 565;Facultad 10
Estudiante 566;Facultad 11
Estudiante 567;Facultad 12
Estudiante 568;Facultad 13
Estudiante 569;Facultad 14
Estudiante 570;Facultad 15
Estudiante 571;Facultad 1
Estudiante 572;Facultad 2
Estudiante 573;Facultad 3
Estudiante 574;Facultad 4
Estudiante 575;Facultad 5
Estudiante 576;Facultad 6
Estudiante 577;Facultad 7
Estudiante 578;Facultad 8
Estudiante 579;Facultad 9
Estudiante 580;Facultad 10
Estudiante 581;Facultad 11
Estudiante 582;Facultad 12
Estudiante 583;Facultad 13
Estudiante 584;Facultad 14
Estudiante 585;Facultad 15
Estudiante 586;Facultad 1
Estudiante 587;Facultad 2
Estudiante 588;Facultad 3
Estudiante 589;Facultad 4
Estudiante 590;Facultad 5
Estudiante 591;Facultad 6
Estudiante 592;Facultad 7
Estudiante 593;Facultad 8
Estudiante 594;Facultad 9
Estudiante 595;Facultad 10
Estudiante 596;Facultad 11
Estudiante 597;Facultad 12
Estudiante 598;Facultad 13
Estudiante 599;Facultad 14
Estudiante 600;Facultad 15
Estudiante 601;Facultad 1
Estudiante 602;Facultad 2
Estudiante 603;Facultad 3
Estudiante 604;Facultad 4
Estudiante 605;Facultad 5
Estudiante 606;Facultad 6
Estudiante 607;Facultad 7
Estudiante 608;Facultad 8
Estudiante 609;Facultad 9
Estudiante 610;Facultad 10
Estudiante 611;Facultad 11
Estudiante 612;Facultad 12
Estudiante 613;Facultad 13
Estudiante 614;Facultad 14
Estudiante 615;Facultad 15
Estudiante 616;Facultad 1
Estudiante 617;Facultad 2
Estudiante 618;Facultad 3
Estudiante 619;Facultad 4
Estudiante 620;Facultad 5
Estudiante 621;Facultad 6
Estudiante 622;Facultad 7
Estudiante 623;Facultad 8
Estudiante 624;Facultad 9
Estudiante 625;Facultad 10
Estudiante 626;Facultad 11
Estudiante 627;Facultad 12
Estudiante 628;Facultad 13
Estudiante 629;Facultad 14
Estudiante 630;Facultad 15
Estudiante 631;Facultad 1
Estudiante 632;Facultad 2
Estudiante 633;Facultad 3
Estudiante 634;Facultad 4
Estudiante 635;Facultad 5
Estudiante 636;Facultad 6
Estudiante 637;Facultad 7
Estudiante 638;Facultad 8
Estudiante 639;Facultad 9
Estudiante 640;Facultad 10
Estudiante 641;Facultad 11
Estudiante 642;Facultad 12
Estudiante 643;Facultad 13
Estudiante 644;Facultad 14
Estudiante 645;Facultad 15
Estudiante 646;Facultad 1
Estudiante 647;Facultad 2
Estudiante 648;Facultad 3
Estudiante 649;Facultad 4
Estudiante 650;Facultad 5
Estudiante 651;Facultad 6
Estudiante 652;Facultad 7
Estudiante 653;Facultad 8
Estudiante 654;Facultad 9
Estudiante 655;Facultad 10
Estudiante 656;Facultad 11
Estudiante 657;Facultad 12
Estudiante 658;Facultad 13
Estudiante 659;Facultad 14
Estudiante 660;Facultad 15
Estudiante 661;Facultad 1
Estudiante 662;Facultad 2
Estudiante 663;Facultad 3
Estudiante 664;Facultad 4
Estudiante 665;Facultad 5
Estudiante 666;Facultad 6
Estudiante 667;Facultad 7
Estudiante 668;Facultad 8
Estudiante 669;Facultad 9
Estudiante 670;Facultad 10
Estudiante 671;Facultad 11
Estudiante 672;Facultad 12
Estudiante 673;Facultad 13
Estudiante 674;Facultad 14
Estudiante 675;Facultad 15
Estudiante 676;Facultad 1
Estudiante 677;Facultad 2
Estudiante 678;Facultad 3
Estudiante 679;Facultad 4
Estudiante 680;Facultad 5
Estudiante 681;Facultad 6
Estudiante 682;Facultad 7
Estudiante 683;Facultad 8
Estudiante 684;Facultad 9
Estudiante 685;Facultad 10
Estudiante 686;Facultad 11
Estudiante 687;Facultad 12
Estudiante 688;Facultad 13
Estudiante 689;Facultad 14
Estudiante 690;Facultad 15
